,Desired Length (in cm),Measured Length (in cm)
0,5,5.845266331224646
1,5,5.426387310746006
2,5,5.283587644673743
3,5,5.235987755982988
4,5,5.350227488840799
